Path,,,Name,,,Message,,,line,,,attempt
'temp/java_files/semanticvectors/semanticvectors/src/test/java/pitt/search/semanticvectors/utils/StatUtilsTest.java',,,'MethodCallExpr',,,'Assert.assertEquals(0.5, StatUtils.sigmoid(0), TOL)',,,'29',,,'1'
'temp/java_files/semanticvectors/semanticvectors/src/test/java/pitt/search/semanticvectors/utils/StatUtilsTest.java',,,'MethodCallExpr',,,'StatUtils.sigmoid(0)',,,'29',,,'1'
'temp/java_files/semanticvectors/semanticvectors/src/test/java/pitt/search/semanticvectors/utils/StatUtilsTest.java',,,'MethodCallExpr',,,'Assert.assertEquals(0, StatUtils.sigmoid(-10), 0.01)',,,'30',,,'1'
'temp/java_files/semanticvectors/semanticvectors/src/test/java/pitt/search/semanticvectors/utils/StatUtilsTest.java',,,'MethodCallExpr',,,'StatUtils.sigmoid(-10)',,,'30',,,'1'
'temp/java_files/semanticvectors/semanticvectors/src/test/java/pitt/search/semanticvectors/utils/StatUtilsTest.java',,,'MethodCallExpr',,,'Assert.assertEquals(1, StatUtils.sigmoid(10), 0.01)',,,'31',,,'1'
'temp/java_files/semanticvectors/semanticvectors/src/test/java/pitt/search/semanticvectors/utils/StatUtilsTest.java',,,'MethodCallExpr',,,'StatUtils.sigmoid(10)',,,'31',,,'1'
'temp/java_files/semanticvectors/semanticvectors/src/test/java/pitt/search/semanticvectors/utils/StatUtilsTest.java',,,'MethodCallExpr',,,'Assert.assertEquals(1, StatUtils.proportionScore(2, 2), TOL)',,,'36',,,'1'
'temp/java_files/semanticvectors/semanticvectors/src/test/java/pitt/search/semanticvectors/utils/StatUtilsTest.java',,,'MethodCallExpr',,,'StatUtils.proportionScore(2, 2)',,,'36',,,'1'
'temp/java_files/semanticvectors/semanticvectors/src/test/java/pitt/search/semanticvectors/utils/StatUtilsTest.java',,,'MethodCallExpr',,,'Assert.assertEquals(0.5, StatUtils.proportionScore(5, 10), TOL)',,,'37',,,'1'
'temp/java_files/semanticvectors/semanticvectors/src/test/java/pitt/search/semanticvectors/utils/StatUtilsTest.java',,,'MethodCallExpr',,,'StatUtils.proportionScore(5, 10)',,,'37',,,'1'
'temp/java_files/semanticvectors/semanticvectors/src/test/java/pitt/search/semanticvectors/utils/StatUtilsTest.java',,,'MethodCallExpr',,,'Assert.assertEquals(0.5, StatUtils.proportionScore(10, 5), TOL)',,,'38',,,'1'
'temp/java_files/semanticvectors/semanticvectors/src/test/java/pitt/search/semanticvectors/utils/StatUtilsTest.java',,,'MethodCallExpr',,,'StatUtils.proportionScore(10, 5)',,,'38',,,'1'
'temp/java_files/semanticvectors/semanticvectors/src/test/java/pitt/search/semanticvectors/utils/StatUtilsTest.java',,,'MethodCallExpr',,,'Assert.assertEquals(0.1, StatUtils.proportionScore(10, 100), TOL)',,,'39',,,'1'
'temp/java_files/semanticvectors/semanticvectors/src/test/java/pitt/search/semanticvectors/utils/StatUtilsTest.java',,,'MethodCallExpr',,,'StatUtils.proportionScore(10, 100)',,,'39',,,'1'
'temp/java_files/semanticvectors/semanticvectors/thirdparty/ch/akuhn/edu/mit/tedlab/Svdlib.java',,,'MethodCallExpr',,,'rotateArray(R.Vt.value, R.Vt.rows * R.Vt.cols, x * R.Vt.cols)',,,'1086',,,'1'
'temp/java_files/semanticvectors/semanticvectors/thirdparty/ch/akuhn/edu/mit/tedlab/Svdlib.java',,,'MethodCallExpr',,,'svd_opb(A, R.Vt.value[x], xv2, OPBTemp)',,,'1091',,,'1'
'temp/java_files/semanticvectors/semanticvectors/thirdparty/ch/akuhn/edu/mit/tedlab/Svdlib.java',,,'MethodCallExpr',,,'svd_ddot(n, R.Vt.value[x], 1, xv2, 1)',,,'1092',,,'1'
'temp/java_files/semanticvectors/semanticvectors/thirdparty/ch/akuhn/edu/mit/tedlab/Svdlib.java',,,'MethodCallExpr',,,'svd_daxpy(n, -tmp0, R.Vt.value[x], 1, xv2, 1)',,,'1093',,,'1'
'temp/java_files/semanticvectors/semanticvectors/thirdparty/ch/akuhn/edu/mit/tedlab/Svdlib.java',,,'MethodCallExpr',,,'svd_opa(A, R.Vt.value[x], R.Ut.value[x])',,,'1098',,,'1'
'temp/java_files/semanticvectors/semanticvectors/thirdparty/ch/akuhn/edu/mit/tedlab/Svdlib.java',,,'MethodCallExpr',,,'svd_dscal(A.rows, tmp1, R.Ut.value[x], 1)',,,'1100',,,'1'
'temp/java_files/semanticvectors/semanticvectors/scripts/RAMIndexTester.java',,,'ObjectCreationExpr',,,'new VectorStoreReaderRAMCache(vectorFile)',,,'31',,,'1'
'temp/java_files/semanticvectors/semanticvectors/scripts/RAMIndexTester.java',,,'ObjectCreationExpr',,,'new VectorStoreReaderRAMCache(vectorFile)',,,'35',,,'1'
'temp/java_files/semanticvectors/semanticvectors/scripts/RAMIndexTester.java',,,'ObjectCreationExpr',,,'new VectorStoreReaderRAMCache(vectorFile)',,,'40',,,'1'
'temp/java_files/semanticvectors/semanticvectors/scripts/RAMIndexTester.java',,,'ObjectCreationExpr',,,'new VectorStoreReaderRAMCache(vectorFile)',,,'41',,,'1'
'temp/java_files/semanticvectors/semanticvectors/src/main/java/ch/akuhn/edu/mit/tedlab/Svdlib.java',,,'MethodCallExpr',,,'rotateArray(R.Vt.value, R.Vt.rows * R.Vt.cols, x * R.Vt.cols)',,,'1086',,,'1'
'temp/java_files/semanticvectors/semanticvectors/src/main/java/ch/akuhn/edu/mit/tedlab/Svdlib.java',,,'MethodCallExpr',,,'svd_opb(A, R.Vt.value[x], xv2, OPBTemp)',,,'1091',,,'1'
'temp/java_files/semanticvectors/semanticvectors/src/main/java/ch/akuhn/edu/mit/tedlab/Svdlib.java',,,'MethodCallExpr',,,'svd_ddot(n, R.Vt.value[x], 1, xv2, 1)',,,'1092',,,'1'
'temp/java_files/semanticvectors/semanticvectors/src/main/java/ch/akuhn/edu/mit/tedlab/Svdlib.java',,,'MethodCallExpr',,,'svd_daxpy(n, -tmp0, R.Vt.value[x], 1, xv2, 1)',,,'1093',,,'1'
'temp/java_files/semanticvectors/semanticvectors/src/main/java/ch/akuhn/edu/mit/tedlab/Svdlib.java',,,'MethodCallExpr',,,'svd_opa(A, R.Vt.value[x], R.Ut.value[x])',,,'1098',,,'1'
'temp/java_files/semanticvectors/semanticvectors/src/main/java/ch/akuhn/edu/mit/tedlab/Svdlib.java',,,'MethodCallExpr',,,'svd_dscal(A.rows, tmp1, R.Ut.value[x], 1)',,,'1100',,,'1'
'temp/java_files/semanticvectors/semanticvectors/src/main/java/pitt/search/lucene/IndexFilePositions.java',,,'MethodCallExpr',,,'flagConfig.analysismethod()',,,'96',,,'1'
'temp/java_files/semanticvectors/semanticvectors/src/main/java/pitt/search/lucene/IndexFilePositions.java',,,'MethodCallExpr',,,'flagConfig.analysismethod()',,,'99',,,'1'
'temp/java_files/semanticvectors/semanticvectors/src/main/java/pitt/search/lucene/IndexFilePositions.java',,,'MethodCallExpr',,,'flagConfig.analysismethod()',,,'102',,,'1'
'temp/java_files/semanticvectors/semanticvectors/src/main/java/pitt/search/lucene/IndexFlatFilePositions.java',,,'NameExpr',,,'STANDARDANALYZER',,,'91',,,'2'
'temp/java_files/semanticvectors/semanticvectors/src/main/java/pitt/search/lucene/IndexFlatFilePositions.java',,,'NameExpr',,,'analyzer',,,'92',,,'2'
'temp/java_files/semanticvectors/semanticvectors/src/main/java/pitt/search/lucene/IndexFlatFilePositions.java',,,'NameExpr',,,'CharArraySet',,,'92',,,'2'
'temp/java_files/semanticvectors/semanticvectors/src/main/java/pitt/search/lucene/IndexFlatFilePositions.java',,,'NameExpr',,,'PORTERSTEMMER',,,'94',,,'2'
'temp/java_files/semanticvectors/semanticvectors/src/main/java/pitt/search/lucene/IndexFlatFilePositions.java',,,'NameExpr',,,'analyzer',,,'95',,,'2'
'temp/java_files/semanticvectors/semanticvectors/src/main/java/pitt/search/lucene/IndexFlatFilePositions.java',,,'NameExpr',,,'WHITESPACEANALYZER',,,'97',,,'2'
'temp/java_files/semanticvectors/semanticvectors/src/main/java/pitt/search/lucene/IndexFlatFilePositions.java',,,'NameExpr',,,'analyzer',,,'98',,,'2'
'temp/java_files/semanticvectors/semanticvectors/src/main/java/pitt/search/lucene/IndexFlatFilePositions.java',,,'MethodCallExpr',,,'flagConfig.analysismethod()',,,'89',,,'1'
'temp/java_files/semanticvectors/semanticvectors/src/main/java/pitt/search/lucene/IndexFlatFilePositions.java',,,'MethodCallExpr',,,'writer.addDocument(FilePositionDoc.Document(inLine, ++lineCount))',,,'147',,,'1'
'temp/java_files/semanticvectors/semanticvectors/src/main/java/pitt/search/lucene/IndexFlatFilePositions.java',,,'MethodCallExpr',,,'FilePositionDoc.Document(inLine, ++lineCount)',,,'147',,,'1'
'temp/java_files/semanticvectors/semanticvectors/src/main/java/pitt/search/semanticvectors/BuildPositionalIndex.java',,,'MethodCallExpr',,,'flagConfig.encodingmethod().equals(EncodingMethod.EMBEDDINGS)',,,'134',,,'1'
'temp/java_files/semanticvectors/semanticvectors/src/main/java/pitt/search/semanticvectors/BuildPositionalIndex.java',,,'MethodCallExpr',,,'flagConfig.encodingmethod()',,,'134',,,'1'
'temp/java_files/semanticvectors/semanticvectors/src/main/java/pitt/search/semanticvectors/BuildPositionalIndex.java',,,'MethodCallExpr',,,'flagConfig.embeddingvectorfile()',,,'135',,,'1'
'temp/java_files/semanticvectors/semanticvectors/src/main/java/pitt/search/semanticvectors/BuildPositionalIndex.java',,,'MethodCallExpr',,,'flagConfig.encodingmethod().equals(EncodingMethod.EMBEDDINGS)',,,'156',,,'1'
'temp/java_files/semanticvectors/semanticvectors/src/main/java/pitt/search/semanticvectors/BuildPositionalIndex.java',,,'MethodCallExpr',,,'flagConfig.encodingmethod()',,,'156',,,'1'
'temp/java_files/semanticvectors/semanticvectors/src/main/java/pitt/search/semanticvectors/BuildPositionalIndex.java',,,'MethodCallExpr',,,'flagConfig.encodingmethod().equals(EncodingMethod.EMBEDDINGS)',,,'167',,,'1'
'temp/java_files/semanticvectors/semanticvectors/src/main/java/pitt/search/semanticvectors/BuildPositionalIndex.java',,,'MethodCallExpr',,,'flagConfig.encodingmethod()',,,'167',,,'1'
'temp/java_files/semanticvectors/semanticvectors/src/main/java/pitt/search/semanticvectors/BuildPositionalIndex.java',,,'MethodCallExpr',,,'flagConfig.notnormalized()',,,'171',,,'1'
'temp/java_files/semanticvectors/semanticvectors/src/main/java/pitt/search/semanticvectors/BuildPositionalIndex.java',,,'MethodCallExpr',,,'flagConfig.encodingmethod().equals(EncodingMethod.EMBEDDINGS)',,,'180',,,'1'
'temp/java_files/semanticvectors/semanticvectors/src/main/java/pitt/search/semanticvectors/BuildPositionalIndex.java',,,'MethodCallExpr',,,'flagConfig.encodingmethod()',,,'180',,,'1'
'temp/java_files/semanticvectors/semanticvectors/src/main/java/pitt/search/semanticvectors/BuildPositionalIndex.java',,,'MethodCallExpr',,,'flagConfig.encodingmethod().equals(EncodingMethod.EMBEDDINGS)',,,'184',,,'1'
'temp/java_files/semanticvectors/semanticvectors/src/main/java/pitt/search/semanticvectors/BuildPositionalIndex.java',,,'MethodCallExpr',,,'flagConfig.encodingmethod()',,,'184',,,'1'
'temp/java_files/semanticvectors/semanticvectors/src/main/java/pitt/search/semanticvectors/BuildPositionalIndex.java',,,'MethodCallExpr',,,'flagConfig.notnormalized()',,,'191',,,'1'
'temp/java_files/semanticvectors/semanticvectors/src/main/java/pitt/search/semanticvectors/CompareTerms.java',,,'MethodCallExpr',,,'VectorStoreReader.openVectorStore(flagConfig.elementalpredicatevectorfile(), flagConfig)',,,'118',,,'1'
'temp/java_files/semanticvectors/semanticvectors/src/main/java/pitt/search/semanticvectors/CompareTerms.java',,,'MethodCallExpr',,,'flagConfig.elementalpredicatevectorfile()',,,'118',,,'1'
'temp/java_files/semanticvectors/semanticvectors/src/main/java/pitt/search/semanticvectors/CompareTermsBatch.java',,,'MethodCallExpr',,,'predicateVecReader.initFromFile(flagConfig.elementalpredicatevectorfile())',,,'120',,,'1'
'temp/java_files/semanticvectors/semanticvectors/src/main/java/pitt/search/semanticvectors/CompareTermsBatch.java',,,'MethodCallExpr',,,'flagConfig.elementalpredicatevectorfile()',,,'120',,,'1'
'temp/java_files/semanticvectors/semanticvectors/src/main/java/pitt/search/semanticvectors/CompressedVectorStoreRAM.java',,,'MethodCallExpr',,,'Math.sqrt(flagConfig.samplingthreshold() / frequency)',,,'82',,,'1'
'temp/java_files/semanticvectors/semanticvectors/src/main/java/pitt/search/semanticvectors/CompressedVectorStoreRAM.java',,,'MethodCallExpr',,,'flagConfig.samplingthreshold()',,,'82',,,'1'
'temp/java_files/semanticvectors/semanticvectors/src/main/java/pitt/search/semanticvectors/ESP.java',,,'MethodCallExpr',,,'flagConfig.semtypesandcuis()',,,'236',,,'1'
'temp/java_files/semanticvectors/semanticvectors/src/main/java/pitt/search/semanticvectors/ESP.java',,,'MethodCallExpr',,,'flagConfig.mutablepredicatevectors()',,,'304',,,'1'
'temp/java_files/semanticvectors/semanticvectors/src/main/java/pitt/search/semanticvectors/ESP.java',,,'MethodCallExpr',,,'flagConfig.samplingthreshold()',,,'320',,,'1'
'temp/java_files/semanticvectors/semanticvectors/src/main/java/pitt/search/semanticvectors/ESP.java',,,'MethodCallExpr',,,'flagConfig.samplingthreshold()',,,'320',,,'1'
'temp/java_files/semanticvectors/semanticvectors/src/main/java/pitt/search/semanticvectors/ESP.java',,,'MethodCallExpr',,,'luceneUtils.getGlobalDocFreq(new Term("subject", termName.toString()))',,,'334',,,'1'
'temp/java_files/semanticvectors/semanticvectors/src/main/java/pitt/search/semanticvectors/ESP.java',,,'MethodCallExpr',,,'luceneUtils.getGlobalDocFreq(new Term("object", termName.toString()))',,,'335',,,'1'
'temp/java_files/semanticvectors/semanticvectors/src/main/java/pitt/search/semanticvectors/ESP.java',,,'MethodCallExpr',,,'flagConfig.samplingthreshold()',,,'338',,,'1'
'temp/java_files/semanticvectors/semanticvectors/src/main/java/pitt/search/semanticvectors/ESP.java',,,'MethodCallExpr',,,'subsamplingProbabilities.put(termName.toString(), (discount - Math.sqrt(flagConfig.samplingthreshold() / globalFreq)))',,,'340',,,'1'
'temp/java_files/semanticvectors/semanticvectors/src/main/java/pitt/search/semanticvectors/ESP.java',,,'MethodCallExpr',,,'Math.sqrt(flagConfig.samplingthreshold() / globalFreq)',,,'340',,,'1'
'temp/java_files/semanticvectors/semanticvectors/src/main/java/pitt/search/semanticvectors/ESP.java',,,'MethodCallExpr',,,'flagConfig.samplingthreshold()',,,'340',,,'1'
'temp/java_files/semanticvectors/semanticvectors/src/main/java/pitt/search/semanticvectors/ESP.java',,,'MethodCallExpr',,,'flagConfig.smoothESPlabels()',,,'350',,,'1'
'temp/java_files/semanticvectors/semanticvectors/src/main/java/pitt/search/semanticvectors/ESP.java',,,'MethodCallExpr',,,'sigmoid(VectorUtils.scalarProduct(v1, v2, flagConfig, blas))',,,'424',,,'1'
'temp/java_files/semanticvectors/semanticvectors/src/main/java/pitt/search/semanticvectors/ESP.java',,,'MethodCallExpr',,,'VectorUtils.scalarProduct(v1, v2, flagConfig, blas)',,,'424',,,'1'
'temp/java_files/semanticvectors/semanticvectors/src/main/java/pitt/search/semanticvectors/ESP.java',,,'MethodCallExpr',,,'Math.max(VectorUtils.scalarProduct(v1, v2, flagConfig, blas), 0)',,,'426',,,'1'
'temp/java_files/semanticvectors/semanticvectors/src/main/java/pitt/search/semanticvectors/ESP.java',,,'MethodCallExpr',,,'VectorUtils.scalarProduct(v1, v2, flagConfig, blas)',,,'426',,,'1'
'temp/java_files/semanticvectors/semanticvectors/src/main/java/pitt/search/semanticvectors/ESP.java',,,'MethodCallExpr',,,'sigmoid(VectorUtils.scalarProduct(v1, v2, flagConfig, blas))',,,'448',,,'1'
'temp/java_files/semanticvectors/semanticvectors/src/main/java/pitt/search/semanticvectors/ESP.java',,,'MethodCallExpr',,,'VectorUtils.scalarProduct(v1, v2, flagConfig, blas)',,,'448',,,'1'
'temp/java_files/semanticvectors/semanticvectors/src/main/java/pitt/search/semanticvectors/ESP.java',,,'MethodCallExpr',,,'Math.max(VectorUtils.scalarProduct(v1, v2, flagConfig, blas), 0)',,,'450',,,'1'
'temp/java_files/semanticvectors/semanticvectors/src/main/java/pitt/search/semanticvectors/ESP.java',,,'MethodCallExpr',,,'VectorUtils.scalarProduct(v1, v2, flagConfig, blas)',,,'450',,,'1'
'temp/java_files/semanticvectors/semanticvectors/src/main/java/pitt/search/semanticvectors/ESP.java',,,'MethodCallExpr',,,'flagConfig.semtypesandcuis()',,,'479',,,'1'
'temp/java_files/semanticvectors/semanticvectors/src/main/java/pitt/search/semanticvectors/ESP.java',,,'MethodCallExpr',,,'flagConfig.negsamples()',,,'490',,,'1'
'temp/java_files/semanticvectors/semanticvectors/src/main/java/pitt/search/semanticvectors/ESP.java',,,'MethodCallExpr',,,'luceneUtils.getGlobalDocFreq(new Term("predication", checkExists))',,,'514',,,'1'
'temp/java_files/semanticvectors/semanticvectors/src/main/java/pitt/search/semanticvectors/ESP.java',,,'MethodCallExpr',,,'flagConfig.negsamples()',,,'524',,,'1'
'temp/java_files/semanticvectors/semanticvectors/src/main/java/pitt/search/semanticvectors/ESP.java',,,'MethodCallExpr',,,'flagConfig.semtypesandcuis()',,,'537',,,'1'
'temp/java_files/semanticvectors/semanticvectors/src/main/java/pitt/search/semanticvectors/ESP.java',,,'MethodCallExpr',,,'flagConfig.mutablepredicatevectors()',,,'562',,,'1'
'temp/java_files/semanticvectors/semanticvectors/src/main/java/pitt/search/semanticvectors/ESP.java',,,'MethodCallExpr',,,'flagConfig.mutablepredicatevectors()',,,'575',,,'1'
'temp/java_files/semanticvectors/semanticvectors/src/main/java/pitt/search/semanticvectors/ESP.java',,,'MethodCallExpr',,,'flagConfig.mutablepredicatevectors()',,,'588',,,'1'
'temp/java_files/semanticvectors/semanticvectors/src/main/java/pitt/search/semanticvectors/ESP.java',,,'MethodCallExpr',,,'flagConfig.mutablepredicatevectors()',,,'600',,,'1'
'temp/java_files/semanticvectors/semanticvectors/src/main/java/pitt/search/semanticvectors/ESP.java',,,'MethodCallExpr',,,'flagConfig.samplingthreshold()',,,'641',,,'1'
'temp/java_files/semanticvectors/semanticvectors/src/main/java/pitt/search/semanticvectors/ESP.java',,,'MethodCallExpr',,,'Math.sqrt(flagConfig.samplingthreshold() * 0.01)',,,'642',,,'1'
'temp/java_files/semanticvectors/semanticvectors/src/main/java/pitt/search/semanticvectors/ESP.java',,,'MethodCallExpr',,,'flagConfig.samplingthreshold()',,,'642',,,'1'
'temp/java_files/semanticvectors/semanticvectors/src/main/java/pitt/search/semanticvectors/ESP.java',,,'NameExpr',,,'java',,,'825',,,'2'
'temp/java_files/semanticvectors/semanticvectors/src/main/java/pitt/search/semanticvectors/ESP.java',,,'MethodCallExpr',,,'flagConfig.numthreads()',,,'773',,,'1'
'temp/java_files/semanticvectors/semanticvectors/src/main/java/pitt/search/semanticvectors/ESP.java',,,'MethodCallExpr',,,'flagConfig.mutablepredicatevectors()',,,'791',,,'1'
'temp/java_files/semanticvectors/semanticvectors/src/main/java/pitt/search/semanticvectors/ESP.java',,,'MethodCallExpr',,,'flagConfig.negsamples()',,,'792',,,'1'
'temp/java_files/semanticvectors/semanticvectors/src/main/java/pitt/search/semanticvectors/ESP.java',,,'MethodCallExpr',,,'flagConfig.semtypesandcuis()',,,'821',,,'1'
'temp/java_files/semanticvectors/semanticvectors/src/main/java/pitt/search/semanticvectors/ESP.java',,,'MethodCallExpr',,,'flagConfig.mutablepredicatevectors()',,,'865',,,'1'
'temp/java_files/semanticvectors/semanticvectors/src/main/java/pitt/search/semanticvectors/ESP.java',,,'MethodCallExpr',,,'VectorStoreWriter.writeVectors(flagConfig.elementalpredicatevectorfile(), flagConfig, elementalPredicateVectors)',,,'875',,,'1'
'temp/java_files/semanticvectors/semanticvectors/src/main/java/pitt/search/semanticvectors/ESP.java',,,'MethodCallExpr',,,'flagConfig.elementalpredicatevectorfile()',,,'876',,,'1'
'temp/java_files/semanticvectors/semanticvectors/src/main/java/pitt/search/semanticvectors/ESP.java',,,'MethodCallExpr',,,'VectorStoreWriter.writeVectors(flagConfig.elementalpredicatevectorfile(), flagConfig, elementalPredicateVectors)',,,'884',,,'1'
'temp/java_files/semanticvectors/semanticvectors/src/main/java/pitt/search/semanticvectors/ESP.java',,,'MethodCallExpr',,,'flagConfig.elementalpredicatevectorfile()',,,'885',,,'1'
'temp/java_files/semanticvectors/semanticvectors/src/main/java/pitt/search/semanticvectors/ESP.java',,,'FieldAccessExpr',,,'Mode.HERMITIAN',,,'905',,,'2'
'temp/java_files/semanticvectors/semanticvectors/src/main/java/pitt/search/semanticvectors/ESP.java',,,'MethodCallExpr',,,'ComplexVector.setDominantMode(Mode.HERMITIAN)',,,'905',,,'1'
'temp/java_files/semanticvectors/semanticvectors/src/main/java/pitt/search/semanticvectors/ESPperm.java',,,'FieldAccessExpr',,,'VectorType.PERMUTATION',,,'183',,,'2'
'temp/java_files/semanticvectors/semanticvectors/src/main/java/pitt/search/semanticvectors/ESPperm.java',,,'MethodCallExpr',,,'flagConfig.setVectortype(VectorType.PERMUTATION)',,,'183',,,'1'
'temp/java_files/semanticvectors/semanticvectors/src/main/java/pitt/search/semanticvectors/ESPperm.java',,,'MethodCallExpr',,,'flagConfig.semtypesandcuis()',,,'244',,,'1'
'temp/java_files/semanticvectors/semanticvectors/src/main/java/pitt/search/semanticvectors/ESPperm.java',,,'MethodCallExpr',,,'luceneUtils.getGlobalDocFreq(new Term("subject", term.text()))',,,'289',,,'1'
'temp/java_files/semanticvectors/semanticvectors/src/main/java/pitt/search/semanticvectors/ESPperm.java',,,'MethodCallExpr',,,'luceneUtils.getGlobalDocFreq(new Term("object", term.text()))',,,'290',,,'1'
'temp/java_files/semanticvectors/semanticvectors/src/main/java/pitt/search/semanticvectors/ESPperm.java',,,'MethodCallExpr',,,'flagConfig.discountnegativesampling()',,,'295',,,'1'
'temp/java_files/semanticvectors/semanticvectors/src/main/java/pitt/search/semanticvectors/ESPperm.java',,,'MethodCallExpr',,,'flagConfig.samplingthreshold()',,,'295',,,'1'
'temp/java_files/semanticvectors/semanticvectors/src/main/java/pitt/search/semanticvectors/ESPperm.java',,,'MethodCallExpr',,,'Math.sqrt(flagConfig.samplingthreshold() / globalFreq)',,,'296',,,'1'
'temp/java_files/semanticvectors/semanticvectors/src/main/java/pitt/search/semanticvectors/ESPperm.java',,,'MethodCallExpr',,,'flagConfig.samplingthreshold()',,,'296',,,'1'
'temp/java_files/semanticvectors/semanticvectors/src/main/java/pitt/search/semanticvectors/ESPperm.java',,,'MethodCallExpr',,,'PermutationUtils.getRandomPermutation(flagConfig.vectortype(), flagConfig.dimension(), random)',,,'328',,,'1'
'temp/java_files/semanticvectors/semanticvectors/src/main/java/pitt/search/semanticvectors/ESPperm.java',,,'MethodCallExpr',,,'PermutationUtils.getRandomPermutation(flagConfig.vectortype(), flagConfig.dimension(), random)',,,'334',,,'1'
'temp/java_files/semanticvectors/semanticvectors/src/main/java/pitt/search/semanticvectors/ESPperm.java',,,'MethodCallExpr',,,'flagConfig.samplingthreshold()',,,'346',,,'1'
'temp/java_files/semanticvectors/semanticvectors/src/main/java/pitt/search/semanticvectors/ESPperm.java',,,'MethodCallExpr',,,'flagConfig.samplingthreshold()',,,'346',,,'1'
'temp/java_files/semanticvectors/semanticvectors/src/main/java/pitt/search/semanticvectors/ESPperm.java',,,'MethodCallExpr',,,'luceneUtils.getGlobalDocFreq(new Term("subject", termName.toString()))',,,'360',,,'1'
'temp/java_files/semanticvectors/semanticvectors/src/main/java/pitt/search/semanticvectors/ESPperm.java',,,'MethodCallExpr',,,'luceneUtils.getGlobalDocFreq(new Term("object", termName.toString()))',,,'361',,,'1'
'temp/java_files/semanticvectors/semanticvectors/src/main/java/pitt/search/semanticvectors/ESPperm.java',,,'MethodCallExpr',,,'flagConfig.samplingthreshold()',,,'364',,,'1'
'temp/java_files/semanticvectors/semanticvectors/src/main/java/pitt/search/semanticvectors/ESPperm.java',,,'MethodCallExpr',,,'subsamplingProbabilities.put(termName.toString(), (discount - Math.sqrt(flagConfig.samplingthreshold() / globalFreq)))',,,'366',,,'1'
'temp/java_files/semanticvectors/semanticvectors/src/main/java/pitt/search/semanticvectors/ESPperm.java',,,'MethodCallExpr',,,'Math.sqrt(flagConfig.samplingthreshold() / globalFreq)',,,'366',,,'1'
'temp/java_files/semanticvectors/semanticvectors/src/main/java/pitt/search/semanticvectors/ESPperm.java',,,'MethodCallExpr',,,'flagConfig.samplingthreshold()',,,'366',,,'1'
'temp/java_files/semanticvectors/semanticvectors/src/main/java/pitt/search/semanticvectors/ESPperm.java',,,'MethodCallExpr',,,'sigmoid(VectorUtils.scalarProduct(v1, v2, flagConfig, blas, permutation))',,,'442',,,'1'
'temp/java_files/semanticvectors/semanticvectors/src/main/java/pitt/search/semanticvectors/ESPperm.java',,,'MethodCallExpr',,,'VectorUtils.scalarProduct(v1, v2, flagConfig, blas, permutation)',,,'442',,,'1'
'temp/java_files/semanticvectors/semanticvectors/src/main/java/pitt/search/semanticvectors/ESPperm.java',,,'MethodCallExpr',,,'Math.max(VectorUtils.scalarProduct(v1, v2, flagConfig, blas, permutation), 0)',,,'444',,,'1'
'temp/java_files/semanticvectors/semanticvectors/src/main/java/pitt/search/semanticvectors/ESPperm.java',,,'MethodCallExpr',,,'VectorUtils.scalarProduct(v1, v2, flagConfig, blas, permutation)',,,'444',,,'1'
'temp/java_files/semanticvectors/semanticvectors/src/main/java/pitt/search/semanticvectors/ESPperm.java',,,'MethodCallExpr',,,'sigmoid(VectorUtils.scalarProduct(v1, v2, flagConfig, blas, permutation))',,,'467',,,'1'
'temp/java_files/semanticvectors/semanticvectors/src/main/java/pitt/search/semanticvectors/ESPperm.java',,,'MethodCallExpr',,,'VectorUtils.scalarProduct(v1, v2, flagConfig, blas, permutation)',,,'467',,,'1'
'temp/java_files/semanticvectors/semanticvectors/src/main/java/pitt/search/semanticvectors/ESPperm.java',,,'MethodCallExpr',,,'Math.max(VectorUtils.scalarProduct(v1, v2, flagConfig, blas, permutation), 0)',,,'469',,,'1'
'temp/java_files/semanticvectors/semanticvectors/src/main/java/pitt/search/semanticvectors/ESPperm.java',,,'MethodCallExpr',,,'VectorUtils.scalarProduct(v1, v2, flagConfig, blas, permutation)',,,'469',,,'1'
'temp/java_files/semanticvectors/semanticvectors/src/main/java/pitt/search/semanticvectors/ESPperm.java',,,'MethodCallExpr',,,'flagConfig.semtypesandcuis()',,,'498',,,'1'
'temp/java_files/semanticvectors/semanticvectors/src/main/java/pitt/search/semanticvectors/ESPperm.java',,,'MethodCallExpr',,,'flagConfig.negsamples()',,,'509',,,'1'
'temp/java_files/semanticvectors/semanticvectors/src/main/java/pitt/search/semanticvectors/ESPperm.java',,,'MethodCallExpr',,,'flagConfig.semtypesandcuis()',,,'522',,,'1'
'temp/java_files/semanticvectors/semanticvectors/src/main/java/pitt/search/semanticvectors/ESPperm.java',,,'MethodCallExpr',,,'VectorUtils.superposeInPlace(objectElementalVector, subjectSemanticVector, flagConfig, blas, shiftToward * alpha, predicatePermutation.getCoordinates())',,,'542',,,'1'
'temp/java_files/semanticvectors/semanticvectors/src/main/java/pitt/search/semanticvectors/ESPperm.java',,,'MethodCallExpr',,,'VectorUtils.superposeInPlace(copyOfSubjectSemanticVector, objectElementalVector, flagConfig, blas, shiftToward * alpha, inversePermutation.getCoordinates())',,,'543',,,'1'
'temp/java_files/semanticvectors/semanticvectors/src/main/java/pitt/search/semanticvectors/ESPperm.java',,,'MethodCallExpr',,,'VectorUtils.superposeInPlace(objNegativeSample, subjectSemanticVector, flagConfig, blas, shiftAway * alpha, predicatePermutation.getCoordinates())',,,'551',,,'1'
'temp/java_files/semanticvectors/semanticvectors/src/main/java/pitt/search/semanticvectors/ESPperm.java',,,'MethodCallExpr',,,'VectorUtils.superposeInPlace(copyOfSubjectSemanticVector, objNegativeSample, flagConfig, blas, shiftAway * alpha, inversePermutation.getCoordinates())',,,'552',,,'1'
'temp/java_files/semanticvectors/semanticvectors/src/main/java/pitt/search/semanticvectors/ESPperm.java',,,'MethodCallExpr',,,'flagConfig.semtypesandcuis()',,,'577',,,'1'
'temp/java_files/semanticvectors/semanticvectors/src/main/java/pitt/search/semanticvectors/ESPperm.java',,,'MethodCallExpr',,,'flagConfig.samplingthreshold()',,,'594',,,'1'
'temp/java_files/semanticvectors/semanticvectors/src/main/java/pitt/search/semanticvectors/ESPperm.java',,,'MethodCallExpr',,,'Math.sqrt(flagConfig.samplingthreshold() * 0.01)',,,'595',,,'1'
'temp/java_files/semanticvectors/semanticvectors/src/main/java/pitt/search/semanticvectors/ESPperm.java',,,'MethodCallExpr',,,'flagConfig.samplingthreshold()',,,'595',,,'1'
'temp/java_files/semanticvectors/semanticvectors/src/main/java/pitt/search/semanticvectors/ESPperm.java',,,'FieldAccessExpr',,,'flagConfig.balanced_subwords',,,'758',,,'2'
'temp/java_files/semanticvectors/semanticvectors/src/main/java/pitt/search/semanticvectors/ESPperm.java',,,'MethodCallExpr',,,'VectorUtils.scalarProduct(embeddingVector, duplicateContextVec, flagConfig, blas, permutation)',,,'731',,,'1'
'temp/java_files/semanticvectors/semanticvectors/src/main/java/pitt/search/semanticvectors/ESPperm.java',,,'MethodCallExpr',,,'VectorUtils.superposeInPlace(embeddingVector, contextVec, flagConfig, blas, learningRate * error, inversePermutation)',,,'751',,,'1'
'temp/java_files/semanticvectors/semanticvectors/src/main/java/pitt/search/semanticvectors/ESPperm.java',,,'MethodCallExpr',,,'VectorUtils.superposeInPlace(duplicateContextVec, embeddingVectors.get(v), flagConfig, blas, weightReduction * learningRate * error, permutation)',,,'761',,,'1'
'temp/java_files/semanticvectors/semanticvectors/src/main/java/pitt/search/semanticvectors/ESPperm.java',,,'FieldAccessExpr',,,'flagConfig.notnormalized',,,'827',,,'2'
'temp/java_files/semanticvectors/semanticvectors/src/main/java/pitt/search/semanticvectors/ESPperm.java',,,'FieldAccessExpr',,,'flagConfig.notnormalized',,,'865',,,'2'
'temp/java_files/semanticvectors/semanticvectors/src/main/java/pitt/search/semanticvectors/ESPperm.java',,,'FieldAccessExpr',,,'flagConfig.notnormalized',,,'896',,,'2'
'temp/java_files/semanticvectors/semanticvectors/src/main/java/pitt/search/semanticvectors/ESPperm.java',,,'FieldAccessExpr',,,'VectorType.PERMUTATION',,,'907',,,'2'
'temp/java_files/semanticvectors/semanticvectors/src/main/java/pitt/search/semanticvectors/ESPperm.java',,,'NameExpr',,,'java',,,'850',,,'2'
'temp/java_files/semanticvectors/semanticvectors/src/main/java/pitt/search/semanticvectors/ESPperm.java',,,'MethodCallExpr',,,'flagConfig.numthreads()',,,'798',,,'1'
'temp/java_files/semanticvectors/semanticvectors/src/main/java/pitt/search/semanticvectors/ESPperm.java',,,'MethodCallExpr',,,'flagConfig.mutablepredicatevectors()',,,'816',,,'1'
'temp/java_files/semanticvectors/semanticvectors/src/main/java/pitt/search/semanticvectors/ESPperm.java',,,'MethodCallExpr',,,'flagConfig.negsamples()',,,'817',,,'1'
'temp/java_files/semanticvectors/semanticvectors/src/main/java/pitt/search/semanticvectors/ESPperm.java',,,'MethodCallExpr',,,'flagConfig.semtypesandcuis()',,,'846',,,'1'
'temp/java_files/semanticvectors/semanticvectors/src/main/java/pitt/search/semanticvectors/ESPperm.java',,,'MethodCallExpr',,,'flagConfig.notnormalized()',,,'884',,,'1'
'temp/java_files/semanticvectors/semanticvectors/src/main/java/pitt/search/semanticvectors/ESPperm.java',,,'MethodCallExpr',,,'flagConfig.setVectortype(VectorType.PERMUTATION)',,,'907',,,'1'
'temp/java_files/semanticvectors/semanticvectors/src/main/java/pitt/search/semanticvectors/ESPperm.java',,,'MethodCallExpr',,,'VectorStoreWriter.writeVectors(flagConfig.permutationcachefile(), flagConfig, permutationVectors)',,,'908',,,'1'
'temp/java_files/semanticvectors/semanticvectors/src/main/java/pitt/search/semanticvectors/ESPperm.java',,,'MethodCallExpr',,,'flagConfig.permutationcachefile()',,,'909',,,'1'
'temp/java_files/semanticvectors/semanticvectors/src/main/java/pitt/search/semanticvectors/experiments/AnalogyTest.java',,,'MethodCallExpr',,,'flagConfig.numthreads()',,,'222',,,'1'
'temp/java_files/semanticvectors/semanticvectors/src/main/java/pitt/search/semanticvectors/experiments/InNoutEmbeddings.java',,,'FieldAccessExpr',,,'flagConfig.notnormalized',,,'187',,,'2'
'temp/java_files/semanticvectors/semanticvectors/src/main/java/pitt/search/semanticvectors/experiments/InNoutEmbeddings.java',,,'MethodCallExpr',,,'flagConfig.numthreads()',,,'169',,,'1'
'temp/java_files/semanticvectors/semanticvectors/src/main/java/pitt/search/semanticvectors/experiments/InNoutEmbeddings.java',,,'MethodCallExpr',,,'VectorUtils.scalarProduct(embeddingVector, duplicateContextVec, flagConfig, blas)',,,'380',,,'1'
'temp/java_files/semanticvectors/semanticvectors/src/main/java/pitt/search/semanticvectors/experiments/InNoutEmbeddings.java',,,'MethodCallExpr',,,'VectorUtils.superposeInPlace(embeddingVector, contextVec, flagConfig, blas, learningRate * error)',,,'402',,,'1'
'temp/java_files/semanticvectors/semanticvectors/src/main/java/pitt/search/semanticvectors/experiments/InNoutEmbeddings.java',,,'MethodCallExpr',,,'VectorUtils.superposeInPlace(duplicateContextVec, embeddingVector, flagConfig, blas, learningRate * error)',,,'403',,,'1'
'temp/java_files/semanticvectors/semanticvectors/src/main/java/pitt/search/semanticvectors/experiments/InNoutEmbeddings.java',,,'FieldAccessExpr',,,'flagConfig.negsamples',,,'523',,,'2'
'temp/java_files/semanticvectors/semanticvectors/src/main/java/pitt/search/semanticvectors/experiments/InNoutEmbeddings.java',,,'NameExpr',,,'pitt',,,'499',,,'2'
'temp/java_files/semanticvectors/semanticvectors/src/main/java/pitt/search/semanticvectors/experiments/InNoutEmbeddings.java',,,'MethodCallExpr',,,'flagConfig.encodingmethod().equals(pitt.search.semanticvectors.TermTermVectorsFromLucene.EncodingMethod.EMBEDDINGS)',,,'499',,,'1'
'temp/java_files/semanticvectors/semanticvectors/src/main/java/pitt/search/semanticvectors/experiments/InNoutEmbeddings.java',,,'MethodCallExpr',,,'flagConfig.encodingmethod()',,,'499',,,'1'
'temp/java_files/semanticvectors/semanticvectors/src/main/java/pitt/search/semanticvectors/experiments/InNoutEmbeddings.java',,,'NameExpr',,,'pitt',,,'633',,,'2'
'temp/java_files/semanticvectors/semanticvectors/src/main/java/pitt/search/semanticvectors/experiments/InNoutEmbeddings.java',,,'MethodCallExpr',,,'flagConfig.encodingmethod().equals(pitt.search.semanticvectors.TermTermVectorsFromLucene.EncodingMethod.EMBEDDINGS)',,,'633',,,'1'
'temp/java_files/semanticvectors/semanticvectors/src/main/java/pitt/search/semanticvectors/experiments/InNoutEmbeddings.java',,,'MethodCallExpr',,,'flagConfig.encodingmethod()',,,'633',,,'1'
'temp/java_files/semanticvectors/semanticvectors/src/main/java/pitt/search/semanticvectors/experiments/InNoutEmbeddings.java',,,'MethodCallExpr',,,'flagConfig.samplingthreshold()',,,'653',,,'1'
'temp/java_files/semanticvectors/semanticvectors/src/main/java/pitt/search/semanticvectors/experiments/InNoutEmbeddings.java',,,'MethodCallExpr',,,'flagConfig.samplingthreshold()',,,'653',,,'1'
'temp/java_files/semanticvectors/semanticvectors/src/main/java/pitt/search/semanticvectors/experiments/InNoutEmbeddings.java',,,'MethodCallExpr',,,'flagConfig.samplingthreshold()',,,'671',,,'1'
'temp/java_files/semanticvectors/semanticvectors/src/main/java/pitt/search/semanticvectors/experiments/InNoutEmbeddings.java',,,'MethodCallExpr',,,'subsamplingProbabilities.put(fieldName + ":" + bytes.utf8ToString(), (discount - Math.sqrt(flagConfig.samplingthreshold() / globalFreq)))',,,'673',,,'1'
'temp/java_files/semanticvectors/semanticvectors/src/main/java/pitt/search/semanticvectors/experiments/InNoutEmbeddings.java',,,'MethodCallExpr',,,'Math.sqrt(flagConfig.samplingthreshold() / globalFreq)',,,'673',,,'1'
'temp/java_files/semanticvectors/semanticvectors/src/main/java/pitt/search/semanticvectors/experiments/InNoutEmbeddings.java',,,'MethodCallExpr',,,'flagConfig.samplingthreshold()',,,'673',,,'1'
'temp/java_files/semanticvectors/semanticvectors/src/main/java/pitt/search/semanticvectors/experiments/InNoutSubwordEmbeddings.java',,,'FieldAccessExpr',,,'flagConfig.notnormalized',,,'216',,,'2'
'temp/java_files/semanticvectors/semanticvectors/src/main/java/pitt/search/semanticvectors/experiments/InNoutSubwordEmbeddings.java',,,'MethodCallExpr',,,'flagConfig.numthreads()',,,'168',,,'1'
'temp/java_files/semanticvectors/semanticvectors/src/main/java/pitt/search/semanticvectors/experiments/InNoutSubwordEmbeddings.java',,,'MethodCallExpr',,,'flagConfig.subword_embeddings()',,,'183',,,'1'
'temp/java_files/semanticvectors/semanticvectors/src/main/java/pitt/search/semanticvectors/experiments/InNoutSubwordEmbeddings.java',,,'MethodCallExpr',,,'flagConfig.balanced_subwords()',,,'195',,,'1'
'temp/java_files/semanticvectors/semanticvectors/src/main/java/pitt/search/semanticvectors/experiments/InNoutSubwordEmbeddings.java',,,'MethodCallExpr',,,'VectorUtils.scalarProduct(embeddingVector, duplicateContextVec, flagConfig, blas)',,,'418',,,'1'
'temp/java_files/semanticvectors/semanticvectors/src/main/java/pitt/search/semanticvectors/experiments/InNoutSubwordEmbeddings.java',,,'MethodCallExpr',,,'flagConfig.subword_embeddings()',,,'443',,,'1'
'temp/java_files/semanticvectors/semanticvectors/src/main/java/pitt/search/semanticvectors/experiments/InNoutSubwordEmbeddings.java',,,'MethodCallExpr',,,'VectorUtils.superposeInPlace(embeddingVector, contextVec, flagConfig, blas, learningRate * error)',,,'444',,,'1'
'temp/java_files/semanticvectors/semanticvectors/src/main/java/pitt/search/semanticvectors/experiments/InNoutSubwordEmbeddings.java',,,'MethodCallExpr',,,'VectorUtils.superposeInPlace(duplicateContextVec, embeddingVector, flagConfig, blas, learningRate * error)',,,'445',,,'1'
'temp/java_files/semanticvectors/semanticvectors/src/main/java/pitt/search/semanticvectors/experiments/InNoutSubwordEmbeddings.java',,,'FieldAccessExpr',,,'flagConfig.negsamples',,,'600',,,'2'
'temp/java_files/semanticvectors/semanticvectors/src/main/java/pitt/search/semanticvectors/experiments/InNoutSubwordEmbeddings.java',,,'NameExpr',,,'pitt',,,'546',,,'2'
'temp/java_files/semanticvectors/semanticvectors/src/main/java/pitt/search/semanticvectors/experiments/InNoutSubwordEmbeddings.java',,,'MethodCallExpr',,,'flagConfig.encodingmethod().equals(pitt.search.semanticvectors.TermTermVectorsFromLucene.EncodingMethod.EMBEDDINGS)',,,'546',,,'1'
'temp/java_files/semanticvectors/semanticvectors/src/main/java/pitt/search/semanticvectors/experiments/InNoutSubwordEmbeddings.java',,,'MethodCallExpr',,,'flagConfig.encodingmethod()',,,'546',,,'1'
'temp/java_files/semanticvectors/semanticvectors/src/main/java/pitt/search/semanticvectors/experiments/InNoutSubwordEmbeddings.java',,,'MethodCallExpr',,,'flagConfig.subword_embeddings()',,,'565',,,'1'
'temp/java_files/semanticvectors/semanticvectors/src/main/java/pitt/search/semanticvectors/experiments/InNoutSubwordEmbeddings.java',,,'MethodCallExpr',,,'flagConfig.balanced_subwords()',,,'574',,,'1'
'temp/java_files/semanticvectors/semanticvectors/src/main/java/pitt/search/semanticvectors/experiments/InNoutSubwordEmbeddings.java',,,'MethodCallExpr',,,'flagConfig.subword_embeddings()',,,'614',,,'1'
'temp/java_files/semanticvectors/semanticvectors/src/main/java/pitt/search/semanticvectors/experiments/InNoutSubwordEmbeddings.java',,,'MethodCallExpr',,,'flagConfig.balanced_subwords()',,,'622',,,'1'
'temp/java_files/semanticvectors/semanticvectors/src/main/java/pitt/search/semanticvectors/experiments/InNoutSubwordEmbeddings.java',,,'MethodCallExpr',,,'flagConfig.subword_embeddings()',,,'650',,,'1'
'temp/java_files/semanticvectors/semanticvectors/src/main/java/pitt/search/semanticvectors/experiments/InNoutSubwordEmbeddings.java',,,'MethodCallExpr',,,'flagConfig.balanced_subwords()',,,'664',,,'1'
'temp/java_files/semanticvectors/semanticvectors/src/main/java/pitt/search/semanticvectors/experiments/InNoutSubwordEmbeddings.java',,,'NameExpr',,,'pitt',,,'772',,,'2'
'temp/java_files/semanticvectors/semanticvectors/src/main/java/pitt/search/semanticvectors/experiments/InNoutSubwordEmbeddings.java',,,'MethodCallExpr',,,'flagConfig.subword_embeddings()',,,'747',,,'1'
'temp/java_files/semanticvectors/semanticvectors/src/main/java/pitt/search/semanticvectors/experiments/InNoutSubwordEmbeddings.java',,,'MethodCallExpr',,,'flagConfig.encodingmethod().equals(pitt.search.semanticvectors.TermTermVectorsFromLucene.EncodingMethod.EMBEDDINGS)',,,'772',,,'1'
'temp/java_files/semanticvectors/semanticvectors/src/main/java/pitt/search/semanticvectors/experiments/InNoutSubwordEmbeddings.java',,,'MethodCallExpr',,,'flagConfig.encodingmethod()',,,'772',,,'1'
'temp/java_files/semanticvectors/semanticvectors/src/main/java/pitt/search/semanticvectors/experiments/InNoutSubwordEmbeddings.java',,,'MethodCallExpr',,,'flagConfig.samplingthreshold()',,,'793',,,'1'
'temp/java_files/semanticvectors/semanticvectors/src/main/java/pitt/search/semanticvectors/experiments/InNoutSubwordEmbeddings.java',,,'MethodCallExpr',,,'flagConfig.samplingthreshold()',,,'793',,,'1'
'temp/java_files/semanticvectors/semanticvectors/src/main/java/pitt/search/semanticvectors/experiments/InNoutSubwordEmbeddings.java',,,'MethodCallExpr',,,'flagConfig.samplingthreshold()',,,'814',,,'1'
'temp/java_files/semanticvectors/semanticvectors/src/main/java/pitt/search/semanticvectors/experiments/InNoutSubwordEmbeddings.java',,,'MethodCallExpr',,,'subsamplingProbabilities.put(fieldName + ":" + bytes.utf8ToString(), (discount - Math.sqrt(flagConfig.samplingthreshold() / globalFreq)))',,,'817',,,'1'
'temp/java_files/semanticvectors/semanticvectors/src/main/java/pitt/search/semanticvectors/experiments/InNoutSubwordEmbeddings.java',,,'MethodCallExpr',,,'Math.sqrt(flagConfig.samplingthreshold() / globalFreq)',,,'817',,,'1'
'temp/java_files/semanticvectors/semanticvectors/src/main/java/pitt/search/semanticvectors/experiments/InNoutSubwordEmbeddings.java',,,'MethodCallExpr',,,'flagConfig.samplingthreshold()',,,'817',,,'1'
'temp/java_files/semanticvectors/semanticvectors/src/main/java/pitt/search/semanticvectors/experiments/VectorStoreTruncater.java',,,'MethodCallExpr',,,'objectVector.getVector().writeToLuceneStream(outputStream, flagConfig.dimension())',,,'56',,,'1'
'temp/java_files/semanticvectors/semanticvectors/src/main/java/pitt/search/semanticvectors/IncrementalDocVectors.java',,,'NameExpr',,,'java',,,'106',,,'2'
'temp/java_files/semanticvectors/semanticvectors/src/main/java/pitt/search/semanticvectors/LuceneUtils.java',,,'NameExpr',,,'FREQ',,,'319',,,'2'
'temp/java_files/semanticvectors/semanticvectors/src/main/java/pitt/search/semanticvectors/LuceneUtils.java',,,'NameExpr',,,'LOGFREQ',,,'321',,,'2'
'temp/java_files/semanticvectors/semanticvectors/src/main/java/pitt/search/semanticvectors/orthography/NumberRepresentation.java',,,'FieldAccessExpr',,,'BinaryVector.NORMALIZE_METHOD.PROBABILISTIC',,,'96',,,'2'
'temp/java_files/semanticvectors/semanticvectors/src/main/java/pitt/search/semanticvectors/orthography/NumberRepresentation.java',,,'FieldAccessExpr',,,'BinaryVector.NORMALIZE_METHOD',,,'96',,,'2'
'temp/java_files/semanticvectors/semanticvectors/src/main/java/pitt/search/semanticvectors/orthography/NumberRepresentation.java',,,'MethodCallExpr',,,'BinaryVector.setNormalizationMethod(BinaryVector.NORMALIZE_METHOD.PROBABILISTIC)',,,'96',,,'1'
'temp/java_files/semanticvectors/semanticvectors/src/main/java/pitt/search/semanticvectors/PSI.java',,,'MethodCallExpr',,,'VectorStoreWriter.writeVectors(flagConfig.elementalpredicatevectorfile(), flagConfig, incrementalPSIVectors.elementalPredicateVectors)',,,'91',,,'1'
'temp/java_files/semanticvectors/semanticvectors/src/main/java/pitt/search/semanticvectors/PSI.java',,,'MethodCallExpr',,,'flagConfig.elementalpredicatevectorfile()',,,'92',,,'1'
'temp/java_files/semanticvectors/semanticvectors/src/main/java/pitt/search/semanticvectors/PSI.java',,,'MethodCallExpr',,,'VectorStoreWriter.writeVectors(flagConfig.semanticpredicatevectorfile() + iterationTag, flagConfig, semanticPredicateVectors)',,,'295',,,'1'
'temp/java_files/semanticvectors/semanticvectors/src/main/java/pitt/search/semanticvectors/PSI.java',,,'MethodCallExpr',,,'flagConfig.semanticpredicatevectorfile()',,,'296',,,'1'
'temp/java_files/semanticvectors/semanticvectors/src/main/java/pitt/search/semanticvectors/Search.java',,,'FieldAccessExpr',,,'VectorType.PERMUTATION',,,'254',,,'2'
'temp/java_files/semanticvectors/semanticvectors/src/main/java/pitt/search/semanticvectors/Search.java',,,'MethodCallExpr',,,'flagConfig.permutationcachefile().equals("permutationvectors")',,,'250',,,'1'
'temp/java_files/semanticvectors/semanticvectors/src/main/java/pitt/search/semanticvectors/Search.java',,,'MethodCallExpr',,,'flagConfig.permutationcachefile()',,,'250',,,'1'
'temp/java_files/semanticvectors/semanticvectors/src/main/java/pitt/search/semanticvectors/Search.java',,,'MethodCallExpr',,,'VerbatimLogger.info("Opening permutation cache from file " + flagConfig.permutationcachefile() + "\n")',,,'252',,,'1'
'temp/java_files/semanticvectors/semanticvectors/src/main/java/pitt/search/semanticvectors/Search.java',,,'MethodCallExpr',,,'flagConfig.permutationcachefile()',,,'252',,,'1'
'temp/java_files/semanticvectors/semanticvectors/src/main/java/pitt/search/semanticvectors/Search.java',,,'MethodCallExpr',,,'flagConfig.setVectortype(VectorType.PERMUTATION)',,,'254',,,'1'
'temp/java_files/semanticvectors/semanticvectors/src/main/java/pitt/search/semanticvectors/Search.java',,,'MethodCallExpr',,,'permutationCache.initFromFile(flagConfig.permutationcachefile())',,,'256',,,'1'
'temp/java_files/semanticvectors/semanticvectors/src/main/java/pitt/search/semanticvectors/Search.java',,,'MethodCallExpr',,,'flagConfig.permutationcachefile()',,,'256',,,'1'
'temp/java_files/semanticvectors/semanticvectors/src/main/java/pitt/search/semanticvectors/Search.java',,,'MethodCallExpr',,,'flagConfig.elementalpredicatevectorfile().equals("predicatevectors")',,,'261',,,'1'
'temp/java_files/semanticvectors/semanticvectors/src/main/java/pitt/search/semanticvectors/Search.java',,,'MethodCallExpr',,,'flagConfig.elementalpredicatevectorfile()',,,'261',,,'1'
'temp/java_files/semanticvectors/semanticvectors/src/main/java/pitt/search/semanticvectors/Search.java',,,'MethodCallExpr',,,'VerbatimLogger.info("Opening predicate query vector store from file: " + flagConfig.elementalpredicatevectorfile() + "\n")',,,'275',,,'1'
'temp/java_files/semanticvectors/semanticvectors/src/main/java/pitt/search/semanticvectors/Search.java',,,'MethodCallExpr',,,'flagConfig.elementalpredicatevectorfile()',,,'275',,,'1'
'temp/java_files/semanticvectors/semanticvectors/src/main/java/pitt/search/semanticvectors/Search.java',,,'MethodCallExpr',,,'VectorStoreReader.openVectorStore(flagConfig.elementalpredicatevectorfile(), flagConfig)',,,'278',,,'1'
'temp/java_files/semanticvectors/semanticvectors/src/main/java/pitt/search/semanticvectors/Search.java',,,'MethodCallExpr',,,'flagConfig.elementalpredicatevectorfile()',,,'278',,,'1'
'temp/java_files/semanticvectors/semanticvectors/src/main/java/pitt/search/semanticvectors/SearchBatch.java',,,'NameExpr',,,'pitt',,,'291',,,'2'
'temp/java_files/semanticvectors/semanticvectors/src/main/java/pitt/search/semanticvectors/SearchBatch.java',,,'MethodCallExpr',,,'flagConfig.elementalpredicatevectorfile().equals("predicatevectors")',,,'218',,,'1'
'temp/java_files/semanticvectors/semanticvectors/src/main/java/pitt/search/semanticvectors/SearchBatch.java',,,'MethodCallExpr',,,'flagConfig.elementalpredicatevectorfile()',,,'218',,,'1'
'temp/java_files/semanticvectors/semanticvectors/src/main/java/pitt/search/semanticvectors/SearchBatch.java',,,'MethodCallExpr',,,'VerbatimLogger.info("Opening predicate query vector store from file: " + flagConfig.elementalpredicatevectorfile() + "\n")',,,'222',,,'1'
'temp/java_files/semanticvectors/semanticvectors/src/main/java/pitt/search/semanticvectors/SearchBatch.java',,,'MethodCallExpr',,,'flagConfig.elementalpredicatevectorfile()',,,'222',,,'1'
'temp/java_files/semanticvectors/semanticvectors/src/main/java/pitt/search/semanticvectors/SearchBatch.java',,,'MethodCallExpr',,,'((VectorStoreRAM) predicateVecReader).initFromFile(flagConfig.elementalpredicatevectorfile())',,,'238',,,'1'
'temp/java_files/semanticvectors/semanticvectors/src/main/java/pitt/search/semanticvectors/SearchBatch.java',,,'MethodCallExpr',,,'flagConfig.elementalpredicatevectorfile()',,,'238',,,'1'
'temp/java_files/semanticvectors/semanticvectors/src/main/java/pitt/search/semanticvectors/tables/DyadicIndexer.java',,,'MethodCallExpr',,,'VerbatimLogger.isCounterOutput(lineCount)',,,'132',,,'1'
'temp/java_files/semanticvectors/semanticvectors/src/main/java/pitt/search/semanticvectors/tables/TableIndexer.java',,,'MethodCallExpr',,,'table.getColumnAlphaVector(8).copy()',,,'40',,,'1'
'temp/java_files/semanticvectors/semanticvectors/src/main/java/pitt/search/semanticvectors/tables/TableIndexer.java',,,'MethodCallExpr',,,'table.getColumnAlphaVector(8)',,,'40',,,'1'
'temp/java_files/semanticvectors/semanticvectors/src/main/java/pitt/search/semanticvectors/tables/TableIndexer.java',,,'MethodCallExpr',,,'queryVector.bind(table.getColumnVector(8))',,,'41',,,'1'
'temp/java_files/semanticvectors/semanticvectors/src/main/java/pitt/search/semanticvectors/tables/TableIndexer.java',,,'MethodCallExpr',,,'table.getColumnVector(8)',,,'41',,,'1'
'temp/java_files/semanticvectors/semanticvectors/src/main/java/pitt/search/semanticvectors/tables/TableIndexer.java',,,'MethodCallExpr',,,'table.getColumnVector(5)',,,'48',,,'1'
'temp/java_files/semanticvectors/semanticvectors/src/main/java/pitt/search/semanticvectors/tables/TableIndexer.java',,,'MethodCallExpr',,,'table.getColumnVector(2)',,,'49',,,'1'
'temp/java_files/semanticvectors/semanticvectors/src/main/java/pitt/search/semanticvectors/tables/TableIndexer.java',,,'MethodCallExpr',,,'table.getColumnAlphaVector(2)',,,'50',,,'1'
'temp/java_files/semanticvectors/semanticvectors/src/main/java/pitt/search/semanticvectors/tables/TableIndexer.java',,,'MethodCallExpr',,,'table.getColumnOmegaVector(2)',,,'51',,,'1'
'temp/java_files/semanticvectors/semanticvectors/src/main/java/pitt/search/semanticvectors/tables/TableIndexer.java',,,'MethodCallExpr',,,'table.searchProxRowVectors(elementalYOB, elementalTTO, demarcatorAlpha, demarcatorOmega)',,,'56',,,'1'
'temp/java_files/semanticvectors/semanticvectors/src/main/java/pitt/search/semanticvectors/TermTermVectorsFromLucene.java',,,'MethodCallExpr',,,'flagConfig.minimum_ngram_length()',,,'198',,,'1'
'temp/java_files/semanticvectors/semanticvectors/src/main/java/pitt/search/semanticvectors/TermTermVectorsFromLucene.java',,,'MethodCallExpr',,,'flagConfig.maximum_ngram_length()',,,'198',,,'1'
'temp/java_files/semanticvectors/semanticvectors/src/main/java/pitt/search/semanticvectors/TermTermVectorsFromLucene.java',,,'MethodCallExpr',,,'flagConfig.initial_alpha()',,,'221',,,'1'
'temp/java_files/semanticvectors/semanticvectors/src/main/java/pitt/search/semanticvectors/TermTermVectorsFromLucene.java',,,'MethodCallExpr',,,'flagConfig.subword_embeddings()',,,'225',,,'1'
'temp/java_files/semanticvectors/semanticvectors/src/main/java/pitt/search/semanticvectors/TermTermVectorsFromLucene.java',,,'MethodCallExpr',,,'flagConfig.encodingmethod().equals(EncodingMethod.EMBEDDINGS)',,,'244',,,'1'
'temp/java_files/semanticvectors/semanticvectors/src/main/java/pitt/search/semanticvectors/TermTermVectorsFromLucene.java',,,'MethodCallExpr',,,'flagConfig.encodingmethod()',,,'244',,,'1'
'temp/java_files/semanticvectors/semanticvectors/src/main/java/pitt/search/semanticvectors/TermTermVectorsFromLucene.java',,,'MethodCallExpr',,,'flagConfig.encodingmethod().equals(EncodingMethod.EMBEDDINGS)',,,'255',,,'1'
'temp/java_files/semanticvectors/semanticvectors/src/main/java/pitt/search/semanticvectors/TermTermVectorsFromLucene.java',,,'MethodCallExpr',,,'flagConfig.encodingmethod()',,,'255',,,'1'
'temp/java_files/semanticvectors/semanticvectors/src/main/java/pitt/search/semanticvectors/TermTermVectorsFromLucene.java',,,'FieldAccessExpr',,,'VectorType.PERMUTATION',,,'283',,,'2'
'temp/java_files/semanticvectors/semanticvectors/src/main/java/pitt/search/semanticvectors/TermTermVectorsFromLucene.java',,,'MethodCallExpr',,,'flagConfig.setVectortype(VectorType.PERMUTATION)',,,'283',,,'1'
'temp/java_files/semanticvectors/semanticvectors/src/main/java/pitt/search/semanticvectors/TermTermVectorsFromLucene.java',,,'MethodCallExpr',,,'PermutationUtils.getRandomPermutation(flagConfig.vectortype(), flagConfig.dimension())',,,'301',,,'1'
'temp/java_files/semanticvectors/semanticvectors/src/main/java/pitt/search/semanticvectors/TermTermVectorsFromLucene.java',,,'FieldAccessExpr',,,'VectorType.PERMUTATION',,,'387',,,'2'
'temp/java_files/semanticvectors/semanticvectors/src/main/java/pitt/search/semanticvectors/TermTermVectorsFromLucene.java',,,'MethodCallExpr',,,'flagConfig.setVectortype(VectorType.PERMUTATION)',,,'387',,,'1'
'temp/java_files/semanticvectors/semanticvectors/src/main/java/pitt/search/semanticvectors/TermTermVectorsFromLucene.java',,,'MethodCallExpr',,,'PermutationUtils.getRandomPermutation(flagConfig.vectortype(), flagConfig.dimension())',,,'398',,,'1'
'temp/java_files/semanticvectors/semanticvectors/src/main/java/pitt/search/semanticvectors/TermTermVectorsFromLucene.java',,,'MethodCallExpr',,,'PermutationUtils.getRandomPermutation(flagConfig.vectortype(), flagConfig.dimension())',,,'401',,,'1'
'temp/java_files/semanticvectors/semanticvectors/src/main/java/pitt/search/semanticvectors/TermTermVectorsFromLucene.java',,,'MethodCallExpr',,,'PermutationUtils.getSwapPermutation(flagConfig.vectortype(), ((PermutationVector) permutationCache.getVector(i + 1)).getCoordinates(), .25)',,,'409',,,'1'
'temp/java_files/semanticvectors/semanticvectors/src/main/java/pitt/search/semanticvectors/TermTermVectorsFromLucene.java',,,'MethodCallExpr',,,'PermutationUtils.getSwapPermutation(flagConfig.vectortype(), ((PermutationVector) permutationCache.getVector(i - 1)).getCoordinates(), .25)',,,'418',,,'1'
'temp/java_files/semanticvectors/semanticvectors/src/main/java/pitt/search/semanticvectors/TermTermVectorsFromLucene.java',,,'FieldAccessExpr',,,'VectorType.PERMUTATION',,,'437',,,'2'
'temp/java_files/semanticvectors/semanticvectors/src/main/java/pitt/search/semanticvectors/TermTermVectorsFromLucene.java',,,'MethodCallExpr',,,'flagConfig.setVectortype(VectorType.PERMUTATION)',,,'437',,,'1'
'temp/java_files/semanticvectors/semanticvectors/src/main/java/pitt/search/semanticvectors/TermTermVectorsFromLucene.java',,,'MethodCallExpr',,,'PermutationUtils.getRandomPermutation(flagConfig.vectortype(), flagConfig.dimension())',,,'442',,,'1'
'temp/java_files/semanticvectors/semanticvectors/src/main/java/pitt/search/semanticvectors/TermTermVectorsFromLucene.java',,,'MethodCallExpr',,,'PermutationUtils.getRandomPermutation(flagConfig.vectortype(), flagConfig.dimension())',,,'455',,,'1'
'temp/java_files/semanticvectors/semanticvectors/src/main/java/pitt/search/semanticvectors/TermTermVectorsFromLucene.java',,,'MethodCallExpr',,,'flagConfig.encodingmethod().equals(EncodingMethod.EMBEDDINGS)',,,'500',,,'1'
'temp/java_files/semanticvectors/semanticvectors/src/main/java/pitt/search/semanticvectors/TermTermVectorsFromLucene.java',,,'MethodCallExpr',,,'flagConfig.encodingmethod()',,,'500',,,'1'
'temp/java_files/semanticvectors/semanticvectors/src/main/java/pitt/search/semanticvectors/TermTermVectorsFromLucene.java',,,'FieldAccessExpr',,,'flagConfig.notnormalized',,,'667',,,'2'
'temp/java_files/semanticvectors/semanticvectors/src/main/java/pitt/search/semanticvectors/TermTermVectorsFromLucene.java',,,'FieldAccessExpr',,,'VectorType.PERMUTATION',,,'728',,,'2'
'temp/java_files/semanticvectors/semanticvectors/src/main/java/pitt/search/semanticvectors/TermTermVectorsFromLucene.java',,,'MethodCallExpr',,,'flagConfig.encodingmethod().equals(EncodingMethod.EMBEDDINGS)',,,'516',,,'1'
'temp/java_files/semanticvectors/semanticvectors/src/main/java/pitt/search/semanticvectors/TermTermVectorsFromLucene.java',,,'MethodCallExpr',,,'flagConfig.encodingmethod()',,,'516',,,'1'
'temp/java_files/semanticvectors/semanticvectors/src/main/java/pitt/search/semanticvectors/TermTermVectorsFromLucene.java',,,'MethodCallExpr',,,'flagConfig.samplingthreshold()',,,'547',,,'1'
'temp/java_files/semanticvectors/semanticvectors/src/main/java/pitt/search/semanticvectors/TermTermVectorsFromLucene.java',,,'MethodCallExpr',,,'flagConfig.samplingthreshold()',,,'547',,,'1'
'temp/java_files/semanticvectors/semanticvectors/src/main/java/pitt/search/semanticvectors/TermTermVectorsFromLucene.java',,,'MethodCallExpr',,,'flagConfig.encodingmethod().equals(EncodingMethod.EMBEDDINGS)',,,'554',,,'1'
'temp/java_files/semanticvectors/semanticvectors/src/main/java/pitt/search/semanticvectors/TermTermVectorsFromLucene.java',,,'MethodCallExpr',,,'flagConfig.encodingmethod()',,,'554',,,'1'
'temp/java_files/semanticvectors/semanticvectors/src/main/java/pitt/search/semanticvectors/TermTermVectorsFromLucene.java',,,'MethodCallExpr',,,'flagConfig.encodingmethod().equals(EncodingMethod.EMBEDDINGS)',,,'566',,,'1'
'temp/java_files/semanticvectors/semanticvectors/src/main/java/pitt/search/semanticvectors/TermTermVectorsFromLucene.java',,,'MethodCallExpr',,,'flagConfig.encodingmethod()',,,'566',,,'1'
'temp/java_files/semanticvectors/semanticvectors/src/main/java/pitt/search/semanticvectors/TermTermVectorsFromLucene.java',,,'MethodCallExpr',,,'flagConfig.samplingthreshold()',,,'580',,,'1'
'temp/java_files/semanticvectors/semanticvectors/src/main/java/pitt/search/semanticvectors/TermTermVectorsFromLucene.java',,,'MethodCallExpr',,,'flagConfig.samplingthreshold()',,,'580',,,'1'
'temp/java_files/semanticvectors/semanticvectors/src/main/java/pitt/search/semanticvectors/TermTermVectorsFromLucene.java',,,'MethodCallExpr',,,'flagConfig.samplingthreshold()',,,'598',,,'1'
'temp/java_files/semanticvectors/semanticvectors/src/main/java/pitt/search/semanticvectors/TermTermVectorsFromLucene.java',,,'MethodCallExpr',,,'Math.sqrt(flagConfig.samplingthreshold() / globalFreq)',,,'600',,,'1'
'temp/java_files/semanticvectors/semanticvectors/src/main/java/pitt/search/semanticvectors/TermTermVectorsFromLucene.java',,,'MethodCallExpr',,,'flagConfig.samplingthreshold()',,,'600',,,'1'
'temp/java_files/semanticvectors/semanticvectors/src/main/java/pitt/search/semanticvectors/TermTermVectorsFromLucene.java',,,'MethodCallExpr',,,'flagConfig.aggressivesubsampling()',,,'602',,,'1'
'temp/java_files/semanticvectors/semanticvectors/src/main/java/pitt/search/semanticvectors/TermTermVectorsFromLucene.java',,,'MethodCallExpr',,,'Math.sqrt(flagConfig.samplingthreshold() / globalFreq)',,,'605',,,'1'
'temp/java_files/semanticvectors/semanticvectors/src/main/java/pitt/search/semanticvectors/TermTermVectorsFromLucene.java',,,'MethodCallExpr',,,'flagConfig.samplingthreshold()',,,'605',,,'1'
'temp/java_files/semanticvectors/semanticvectors/src/main/java/pitt/search/semanticvectors/TermTermVectorsFromLucene.java',,,'MethodCallExpr',,,'flagConfig.samplingthreshold()',,,'605',,,'1'
'temp/java_files/semanticvectors/semanticvectors/src/main/java/pitt/search/semanticvectors/TermTermVectorsFromLucene.java',,,'MethodCallExpr',,,'flagConfig.discountnegativesampling()',,,'608',,,'1'
'temp/java_files/semanticvectors/semanticvectors/src/main/java/pitt/search/semanticvectors/TermTermVectorsFromLucene.java',,,'MethodCallExpr',,,'flagConfig.numthreads()',,,'640',,,'1'
'temp/java_files/semanticvectors/semanticvectors/src/main/java/pitt/search/semanticvectors/TermTermVectorsFromLucene.java',,,'MethodCallExpr',,,'flagConfig.encodingmethod().equals(EncodingMethod.EMBEDDINGS)',,,'667',,,'1'
'temp/java_files/semanticvectors/semanticvectors/src/main/java/pitt/search/semanticvectors/TermTermVectorsFromLucene.java',,,'MethodCallExpr',,,'flagConfig.encodingmethod()',,,'667',,,'1'
'temp/java_files/semanticvectors/semanticvectors/src/main/java/pitt/search/semanticvectors/TermTermVectorsFromLucene.java',,,'MethodCallExpr',,,'flagConfig.subword_embeddings()',,,'667',,,'1'
'temp/java_files/semanticvectors/semanticvectors/src/main/java/pitt/search/semanticvectors/TermTermVectorsFromLucene.java',,,'MethodCallExpr',,,'flagConfig.subword_embeddings()',,,'675',,,'1'
'temp/java_files/semanticvectors/semanticvectors/src/main/java/pitt/search/semanticvectors/TermTermVectorsFromLucene.java',,,'MethodCallExpr',,,'flagConfig.balanced_subwords()',,,'684',,,'1'
'temp/java_files/semanticvectors/semanticvectors/src/main/java/pitt/search/semanticvectors/TermTermVectorsFromLucene.java',,,'MethodCallExpr',,,'flagConfig.balanced_subwords()',,,'688',,,'1'
'temp/java_files/semanticvectors/semanticvectors/src/main/java/pitt/search/semanticvectors/TermTermVectorsFromLucene.java',,,'MethodCallExpr',,,'flagConfig.notnormalized()',,,'705',,,'1'
'temp/java_files/semanticvectors/semanticvectors/src/main/java/pitt/search/semanticvectors/TermTermVectorsFromLucene.java',,,'MethodCallExpr',,,'flagConfig.encodingmethod().equals(EncodingMethod.EMBEDDINGS)',,,'711',,,'1'
'temp/java_files/semanticvectors/semanticvectors/src/main/java/pitt/search/semanticvectors/TermTermVectorsFromLucene.java',,,'MethodCallExpr',,,'flagConfig.encodingmethod()',,,'711',,,'1'
'temp/java_files/semanticvectors/semanticvectors/src/main/java/pitt/search/semanticvectors/TermTermVectorsFromLucene.java',,,'MethodCallExpr',,,'flagConfig.encodingmethod().equals(EncodingMethod.EMBEDDINGS)',,,'713',,,'1'
'temp/java_files/semanticvectors/semanticvectors/src/main/java/pitt/search/semanticvectors/TermTermVectorsFromLucene.java',,,'MethodCallExpr',,,'flagConfig.encodingmethod()',,,'713',,,'1'
'temp/java_files/semanticvectors/semanticvectors/src/main/java/pitt/search/semanticvectors/TermTermVectorsFromLucene.java',,,'MethodCallExpr',,,'flagConfig.notnormalized()',,,'717',,,'1'
'temp/java_files/semanticvectors/semanticvectors/src/main/java/pitt/search/semanticvectors/TermTermVectorsFromLucene.java',,,'MethodCallExpr',,,'flagConfig.setVectortype(VectorType.PERMUTATION)',,,'728',,,'1'
'temp/java_files/semanticvectors/semanticvectors/src/main/java/pitt/search/semanticvectors/TermTermVectorsFromLucene.java',,,'MethodCallExpr',,,'VectorStoreWriter.writeVectorsInLuceneFormat(flagConfig.permutationcachefile() + ".bin", flagConfig, this.permutationCache)',,,'729',,,'1'
'temp/java_files/semanticvectors/semanticvectors/src/main/java/pitt/search/semanticvectors/TermTermVectorsFromLucene.java',,,'MethodCallExpr',,,'flagConfig.permutationcachefile()',,,'729',,,'1'
'temp/java_files/semanticvectors/semanticvectors/src/main/java/pitt/search/semanticvectors/TermTermVectorsFromLucene.java',,,'MethodCallExpr',,,'flagConfig.encodingmethod().equals(EncodingMethod.EMBEDDINGS)',,,'734',,,'1'
'temp/java_files/semanticvectors/semanticvectors/src/main/java/pitt/search/semanticvectors/TermTermVectorsFromLucene.java',,,'MethodCallExpr',,,'flagConfig.encodingmethod()',,,'734',,,'1'
'temp/java_files/semanticvectors/semanticvectors/src/main/java/pitt/search/semanticvectors/TermTermVectorsFromLucene.java',,,'MethodCallExpr',,,'flagConfig.notnormalized()',,,'757',,,'1'
'temp/java_files/semanticvectors/semanticvectors/src/main/java/pitt/search/semanticvectors/TermTermVectorsFromLucene.java',,,'MethodCallExpr',,,'VectorUtils.scalarProduct(embeddingVector, duplicateContextVec, flagConfig, blas, permutation)',,,'787',,,'1'
'temp/java_files/semanticvectors/semanticvectors/src/main/java/pitt/search/semanticvectors/TermTermVectorsFromLucene.java',,,'MethodCallExpr',,,'VectorUtils.superposeInPlace(embeddingVector, contextVec, flagConfig, blas, learningRate * error, inversePermutation)',,,'807',,,'1'
'temp/java_files/semanticvectors/semanticvectors/src/main/java/pitt/search/semanticvectors/TermTermVectorsFromLucene.java',,,'MethodCallExpr',,,'VectorUtils.superposeInPlace(duplicateContextVec, embeddingVector, flagConfig, blas, learningRate * error, permutation)',,,'808',,,'1'
'temp/java_files/semanticvectors/semanticvectors/src/main/java/pitt/search/semanticvectors/TermTermVectorsFromLucene.java',,,'FieldAccessExpr',,,'flagConfig.balanced_subwords',,,'838',,,'2'
'temp/java_files/semanticvectors/semanticvectors/src/main/java/pitt/search/semanticvectors/TermTermVectorsFromLucene.java',,,'FieldAccessExpr',,,'flagConfig.balanced_subwords',,,'875',,,'2'
'temp/java_files/semanticvectors/semanticvectors/src/main/java/pitt/search/semanticvectors/TermTermVectorsFromLucene.java',,,'MethodCallExpr',,,'VectorUtils.scalarProduct(embeddingVector, duplicateContextVec, flagConfig, blas, permutation)',,,'848',,,'1'
'temp/java_files/semanticvectors/semanticvectors/src/main/java/pitt/search/semanticvectors/TermTermVectorsFromLucene.java',,,'MethodCallExpr',,,'VectorUtils.superposeInPlace(embeddingVector, contextVec, flagConfig, blas, learningRate * error, inversePermutation)',,,'868',,,'1'
'temp/java_files/semanticvectors/semanticvectors/src/main/java/pitt/search/semanticvectors/TermTermVectorsFromLucene.java',,,'MethodCallExpr',,,'VectorUtils.superposeInPlace(duplicateContextVec, embeddingVectors.get(v), flagConfig, blas, weightReduction * learningRate * error, permutation)',,,'878',,,'1'
'temp/java_files/semanticvectors/semanticvectors/src/main/java/pitt/search/semanticvectors/TermTermVectorsFromLucene.java',,,'FieldAccessExpr',,,'flagConfig.subsampleinwindow',,,'969',,,'2'
'temp/java_files/semanticvectors/semanticvectors/src/main/java/pitt/search/semanticvectors/TermTermVectorsFromLucene.java',,,'FieldAccessExpr',,,'flagConfig.negsamples',,,'1035',,,'2'
'temp/java_files/semanticvectors/semanticvectors/src/main/java/pitt/search/semanticvectors/TermTermVectorsFromLucene.java',,,'MethodCallExpr',,,'flagConfig.exactwindowpositions()',,,'935',,,'1'
'temp/java_files/semanticvectors/semanticvectors/src/main/java/pitt/search/semanticvectors/TermTermVectorsFromLucene.java',,,'MethodCallExpr',,,'flagConfig.exactwindowpositions()',,,'965',,,'1'
'temp/java_files/semanticvectors/semanticvectors/src/main/java/pitt/search/semanticvectors/TermTermVectorsFromLucene.java',,,'MethodCallExpr',,,'flagConfig.encodingmethod().equals(EncodingMethod.EMBEDDINGS)',,,'977',,,'1'
'temp/java_files/semanticvectors/semanticvectors/src/main/java/pitt/search/semanticvectors/TermTermVectorsFromLucene.java',,,'MethodCallExpr',,,'flagConfig.encodingmethod()',,,'977',,,'1'
'temp/java_files/semanticvectors/semanticvectors/src/main/java/pitt/search/semanticvectors/TermTermVectorsFromLucene.java',,,'MethodCallExpr',,,'flagConfig.exactwindowpositions()',,,'984',,,'1'
'temp/java_files/semanticvectors/semanticvectors/src/main/java/pitt/search/semanticvectors/TermTermVectorsFromLucene.java',,,'MethodCallExpr',,,'flagConfig.encodingmethod().equals(EncodingMethod.EMBEDDINGS)',,,'1023',,,'1'
'temp/java_files/semanticvectors/semanticvectors/src/main/java/pitt/search/semanticvectors/TermTermVectorsFromLucene.java',,,'MethodCallExpr',,,'flagConfig.encodingmethod()',,,'1023',,,'1'
'temp/java_files/semanticvectors/semanticvectors/src/main/java/pitt/search/semanticvectors/TermTermVectorsFromLucene.java',,,'MethodCallExpr',,,'flagConfig.subword_embeddings()',,,'1060',,,'1'
'temp/java_files/semanticvectors/semanticvectors/src/main/java/pitt/search/semanticvectors/TermVectorsFromLucene.java',,,'MethodCallExpr',,,'flagConfig.rescaleintraining()',,,'112',,,'1'
'temp/java_files/semanticvectors/semanticvectors/src/main/java/pitt/search/semanticvectors/TermVectorsFromLucene.java',,,'MethodCallExpr',,,'VectorStoreRAM.createRedistributedVectorStore(elementalDocVectors, flagConfig, 200)',,,'113',,,'1'
'temp/java_files/semanticvectors/semanticvectors/src/main/java/pitt/search/semanticvectors/utils/VectorStoreSubset.java',,,'MethodCallExpr',,,'flagConfig.elementalpredicatevectorfile().equals("predicatevectors")',,,'46',,,'1'
'temp/java_files/semanticvectors/semanticvectors/src/main/java/pitt/search/semanticvectors/utils/VectorStoreSubset.java',,,'MethodCallExpr',,,'flagConfig.elementalpredicatevectorfile()',,,'46',,,'1'
'temp/java_files/semanticvectors/semanticvectors/src/main/java/pitt/search/semanticvectors/utils/VectorStoreSubset.java',,,'MethodCallExpr',,,'predicateVectors.initFromFile(flagConfig.elementalpredicatevectorfile())',,,'56',,,'1'
'temp/java_files/semanticvectors/semanticvectors/src/main/java/pitt/search/semanticvectors/utils/VectorStoreSubset.java',,,'MethodCallExpr',,,'flagConfig.elementalpredicatevectorfile()',,,'56',,,'1'
'temp/java_files/semanticvectors/semanticvectors/src/main/java/pitt/search/semanticvectors/vectors/ComplexVectorUtils.java',,,'FieldAccessExpr',,,'ComplexVector.Mode.HERMITIAN',,,'29',,,'2'
'temp/java_files/semanticvectors/semanticvectors/src/main/java/pitt/search/semanticvectors/vectors/ComplexVectorUtils.java',,,'FieldAccessExpr',,,'ComplexVector.Mode.HERMITIAN',,,'81',,,'2'
'temp/java_files/semanticvectors/semanticvectors/src/main/java/pitt/search/semanticvectors/vectors/ComplexVectorUtils.java',,,'FieldAccessExpr',,,'ComplexVector.Mode.HERMITIAN',,,'102',,,'2'
'temp/java_files/semanticvectors/semanticvectors/src/main/java/pitt/search/semanticvectors/vectors/ComplexVectorUtils.java',,,'FieldAccessExpr',,,'ComplexVector.Mode.HERMITIAN',,,'103',,,'2'
'temp/java_files/semanticvectors/semanticvectors/src/main/java/pitt/search/semanticvectors/vectors/ComplexVectorUtils.java',,,'FieldAccessExpr',,,'ComplexVector.Mode.HERMITIAN',,,'118',,,'2'
'temp/java_files/semanticvectors/semanticvectors/src/main/java/pitt/search/semanticvectors/vectors/ComplexVectorUtils.java',,,'FieldAccessExpr',,,'ComplexVector.Mode.HERMITIAN',,,'119',,,'2'
'temp/java_files/semanticvectors/semanticvectors/src/main/java/pitt/search/semanticvectors/vectors/PermutationVector.java',,,'MethodCallExpr',,,'PermutationUtils.getRandomPermutation(this.getVectorType(), dimension)',,,'165',,,'1'
'temp/java_files/semanticvectors/semanticvectors/src/main/java/pitt/search/semanticvectors/vectors/PermutationVector.java',,,'MethodCallExpr',,,'PermutationUtils.getRandomPermutation(this.getVectorType(), dimension, random)',,,'171',,,'1'
'temp/java_files/semanticvectors/semanticvectors/src/main/java/pitt/search/semanticvectors/vectors/VectorFactory.java',,,'NameExpr',,,'PERMUTATION',,,'70',,,'2'
'temp/java_files/semanticvectors/semanticvectors/src/main/java/pitt/search/semanticvectors/vectors/VectorFactory.java',,,'FieldAccessExpr',,,'Mode.HERMITIAN',,,'99',,,'2'
'temp/java_files/semanticvectors/semanticvectors/src/main/java/pitt/search/semanticvectors/vectors/VectorFactory.java',,,'MethodCallExpr',,,'ComplexVector.getDominantMode().equals(Mode.HERMITIAN)',,,'99',,,'1'
'temp/java_files/semanticvectors/semanticvectors/src/main/java/pitt/search/semanticvectors/VectorSearcher.java',,,'MethodCallExpr',,,'flagConfig.expandsearchspace3()',,,'201',,,'1'
'temp/java_files/semanticvectors/semanticvectors/src/main/java/pitt/search/semanticvectors/VectorSearcher.java',,,'MethodCallExpr',,,'flagConfig.usetermweightsintermsearch()',,,'246',,,'1'
'temp/java_files/semanticvectors/semanticvectors/src/main/java/pitt/search/semanticvectors/VectorSearcher.java',,,'NameExpr',,,'pitt',,,'864',,,'2'
'temp/java_files/semanticvectors/semanticvectors/src/main/java/pitt/search/semanticvectors/VectorSearcher.java',,,'NameExpr',,,'pitt',,,'994',,,'2'
'temp/java_files/semanticvectors/semanticvectors/src/main/java/pitt/search/semanticvectors/VectorSearcher.java',,,'NameExpr',,,'pitt',,,'996',,,'2'
'temp/java_files/semanticvectors/semanticvectors/src/main/java/pitt/search/semanticvectors/VectorSearcher.java',,,'MethodCallExpr',,,'specialFlagConfig.usetermweightsintermsearch()',,,'1044',,,'1'
'temp/java_files/semanticvectors/semanticvectors/src/main/java/pitt/search/semanticvectors/VectorSearcher.java',,,'NameExpr',,,'org',,,'1159',,,'2'
'temp/java_files/semanticvectors/semanticvectors/src/main/java/pitt/search/semanticvectors/VectorStoreWriter.java',,,'NameExpr',,,'java',,,'110',,,'2'
'temp/java_files/semanticvectors/semanticvectors/src/main/java/pitt/search/semanticvectors/viz/PathFinder.java',,,'MethodCallExpr',,,'predicateVectors.initFromFile(flagConfig.elementalpredicatevectorfile())',,,'200',,,'1'
'temp/java_files/semanticvectors/semanticvectors/src/main/java/pitt/search/semanticvectors/viz/PathFinder.java',,,'MethodCallExpr',,,'flagConfig.elementalpredicatevectorfile()',,,'200',,,'1'
